2018-09-23 18:44:57,::1,user change langtuage to fa
2018-09-23 18:45:06,::1,user change langtuage to en
2018-09-23 18:48:34,::1,user change langtuage to fa
2018-09-23 18:49:16,::1,user change langtuage to en
2018-09-23 19:21:50,::1,user change langtuage to fa
2018-09-23 19:23:23,::1,user change langtuage to en
2018-09-23 19:47:32,::1,user change langtuage to fa
2018-09-24 16:46:48,::1,user change langtuage to en
2018-09-24 17:31:21,::1,user change langtuage to en
2018-09-24 17:31:26,::1,user change langtuage to en
2018-09-24 17:31:57,::1,username or password is incorect
2018-09-24 17:34:33,::1,user change langtuage to en
2018-09-24 17:34:46,::1,user change langtuage to en
2018-09-24 17:35:06,::1,username or password is incorect
2018-09-24 17:37:01,::1,user change langtuage to en
2018-09-24 17:37:51,::1,username or password is incorect
2018-09-24 17:39:45,::1,username or password is incorect
2018-09-24 17:42:13,::1,user change langtuage to en
2018-09-24 17:43:19,::1,user change langtuage to en
2018-09-24 17:43:34,::1,user change langtuage to en
2018-09-24 17:48:28,::1,user change langtuage to fa
2018-09-24 17:48:35,::1,user change langtuage to en
2018-09-24 17:49:42,::1,username or password is incorect
2018-09-24 18:35:11,::1,username or password is incorect
2018-09-24 18:35:51,::1,user change langtuage to fa
2018-09-24 18:36:54,::1,نام کاربری یا پسورد اشتباه است
2018-09-24 18:52:54,::1,نام کاربری یا پسورد اشتباه است
2018-09-24 18:53:45,::1,user change langtuage to en
2018-09-24 18:58:45,,login success
2018-09-24 19:00:10,,login success
2018-09-24 19:01:16,,user change langtuage to fa
2018-09-24 19:01:56,,login success
2018-09-24 19:06:12,ALI,login success
2018-09-24 19:14:11,ALI,login success
2018-09-24 19:16:09,ALI,login success
2018-09-24 19:21:31,ALI,login success
2018-09-28 19:53:56,::1,Access Denied
2018-09-28 19:56:35,::1,Access Denied
2018-09-28 19:57:37,::1,Access Denied
2018-09-28 19:58:12,::1,Access Denied
2018-09-28 19:58:15,::1,Access Denied
2018-09-28 19:58:53,::1,user change langtuage to en
2018-09-28 19:58:59,::1,Access Denied
2018-09-28 19:59:04,::1,Access Denied
2018-09-28 20:00:28,ALI,login success
2018-09-28 20:02:15,ALI,login success
2018-09-28 20:02:20,::1,Access Denied
2018-09-29 15:56:29,::1,Access Denied
2018-09-29 15:56:47,::1,user change langtuage to en
2018-09-29 15:57:23,ALI,login success
2018-09-29 16:00:16,ALI,login success
2018-09-29 16:12:21,,Access Denied
2018-09-29 16:13:30,,Access Denied
2018-09-29 16:13:50,,Access Denied
2018-09-29 16:13:52,,Access Denied
2018-09-29 16:13:54,,Access Denied
2018-09-29 16:13:54,,Access Denied
2018-09-29 16:13:55,,Access Denied
2018-09-29 16:13:55,,Access Denied
2018-09-29 16:13:56,,Access Denied
2018-09-29 16:14:00,,Access Denied
2018-09-29 16:19:22,,Access Denied
2018-09-29 16:19:54,ALI,login success
2018-09-29 16:19:59,,Access Denied
2018-09-29 16:20:29,ALI,login success
2018-09-29 16:20:33,,Access Denied
2018-09-29 16:25:56,ALI,login success
2018-09-29 16:25:59,,Access Denied
2018-09-29 16:33:07,ALI,login success
2018-09-29 16:34:29,,Access Denied
2018-09-29 16:36:49,,Access Denied
2018-09-29 16:36:51,,Access Denied
2018-09-29 16:36:52,,Access Denied
2018-09-29 16:38:06,ALI,login success
2018-09-29 16:45:39,ALI,login success
2018-09-29 16:47:14,ALI,login success
2018-09-29 16:48:03,,Access Denied
2018-09-29 16:50:14,,Access Denied
2018-09-29 18:35:33,,Access Denied
2018-09-29 18:36:14,ALI,login success
2018-09-29 18:37:03,ALI,Access Denied
2018-09-29 18:38:50,ALI,user change langtuage to fa
2018-09-29 18:39:38,ALI,login success
2018-09-29 18:43:41,ALI,user change langtuage to en
2018-09-29 18:44:18,ALI,login success
2018-09-29 18:49:51,ALI,login success
2018-09-29 18:50:29,ALI,login success
2018-09-29 19:04:53,ALI,login success
2018-09-29 19:06:18,ALI,login success
2018-09-29 19:37:47,ALI,user change langtuage to fa
2018-09-30 15:42:54,ALI,login success
2018-09-30 15:43:22,ALI,login success
2018-09-30 15:43:57,ALI,login success
2018-09-30 15:49:00,ALI,login success
2018-09-30 15:59:19,::1,user change langtuage to en
2018-09-30 15:59:25,::1,user change langtuage to fa
2018-09-30 16:00:13,ALI,login success
2018-09-30 16:27:57,ALI,user change langtuage to en
2018-09-30 18:39:03,ALI,login success
2018-09-30 18:40:56,ALI,user change langtuage to fa
2018-09-30 18:41:27,ALI,login success
2018-09-30 18:45:20,ALI,login success
2018-09-30 18:46:15,ALI,login success
2018-09-30 18:46:26,ALI,user change langtuage to en
2018-09-30 18:47:17,ALI,login success
2018-09-30 18:48:40,ALI,login success
2018-10-05 11:45:07,::1,user change langtuage to en
2018-10-05 11:51:39,ALI,login success
2018-10-05 12:48:37,ALI,user change langtuage to fa
2018-10-05 12:48:39,ALI,login success
2018-10-05 14:13:07,ALI,Update Filed mojodi =>112  ID: 1200019 table:prodect
2018-10-05 14:14:12,ALI,Update Filed mojodi =>113  ID: 1200019 table:prodect
2018-10-05 14:17:09,ALI,Update Filed mojodi =>114  ID: 1200019 table:prodect
2018-10-05 14:17:09,ALI,Update Filed mojodi =>2  ID: 1200023 table:prodect
2018-10-05 14:17:52,ALI,Update Filed mojodi =>115  ID: 1200019 table:prodect
2018-10-05 14:18:58,ALI,Update Filed mojodi =>116  ID: 1200019 table:prodect
2018-10-05 14:19:08,ALI,Update Filed mojodi =>3  ID: 1200023 table:prodect
2018-10-05 14:19:10,ALI,Update Filed name =>دوربین با قابلیت اتصال به میکروکنترلرها+AL422 FIFO ov7670 ورژن3 کویرالکترونیک  ID: 1200023 table:prodect
2018-10-05 14:19:38,ALI,Update Filed mojodi =>117  ID: 1200019 table:prodect
2018-10-05 14:20:26,ALI,Update Filed mojodi =>118  ID: 1200019 table:prodect
2018-10-05 14:21:27,ALI,Update Filed mojodi =>119  ID: 1200019 table:prodect
2018-10-05 14:22:38,ALI,Update Filed mojodi =>120  ID: 1200019 table:prodect
2018-10-05 14:23:32,ALI,Update Filed mojodi =>121  ID: 1200019 table:prodect
2018-10-05 14:24:04,ALI,Update Filed mojodi =>123  ID: 1200019 table:prodect
2018-10-05 14:24:09,ALI,Update Filed mojodi =>5  ID: 1200023 table:prodect
2018-10-05 14:24:53,ALI,Update Filed mojodi =>124  ID: 1200019 table:prodect
2018-10-05 14:25:03,ALI,Update Filed mojodi =>34721  ID: 1200030 table:prodect
2018-10-05 14:25:35,ALI,Update Filed tracknumber =>  ID: 1200019 table:prodect
2018-10-05 14:25:38,ALI,Update Filed tracknumber =>  ID: 1200024 table:prodect
2018-10-05 14:25:39,ALI,Update Filed tracknumber =>  ID: 1200030 table:prodect
2018-10-05 14:25:40,ALI,Update Filed tracknumber =>  ID: 1200031 table:prodect
2018-10-05 14:25:45,ALI,Update Filed tracknumber =>  ID: 1200033 table:prodect
2018-10-05 17:56:58,ALI,login success
2018-10-05 17:58:00,ALI,Update Filed show_price =>2  ID: 1200019 table:prodect
2018-10-05 17:58:15,ALI,Update Filed show_price =>2  ID: 1200070 table:prodect
2018-10-05 17:58:29,ALI,Update Filed show_price =>9  ID: 1200071 table:prodect
2018-10-05 17:58:37,ALI,Update Filed show_price =>10  ID: 1200072 table:prodect
2018-10-05 18:11:59,ALI,Access Denied
2018-10-05 18:14:43,ALI,Access Denied
2018-10-05 18:14:45,ALI,Access Denied
2018-10-05 18:14:47,ALI,Access Denied
2018-10-05 18:14:47,ALI,Access Denied
2018-10-05 18:14:52,ALI,Access Denied
2018-10-05 18:18:10,ALI,Access Denied
2018-10-05 18:18:13,ALI,Access Denied
2018-10-05 19:03:43,ALI,user change langtuage to en
2018-10-05 19:03:47,ALI,login success
2018-10-05 19:04:14,ALI,Update Filed mojodi =>6  ID: 1200023 table:prodect
2018-10-07 17:52:39,::1,user change langtuage to en
2018-10-07 17:52:40,ALI,login success
2018-10-07 19:11:18,ALI,Update user enable =>1  ID: 1 table:users
2018-10-07 19:12:59,ALI,Update user enable =>1  ID: 1 table:users
2018-10-07 19:13:24,ALI,Update user enable =>1  ID: 1 table:users
2018-10-07 19:16:05,ALI,Update user enable =>1  ID: 1 table:users
2018-10-07 19:18:06,ALI,Update user enable =>1  ID: 1 table:users
2018-10-07 19:23:22,ALI,Update user enable =>1  ID: 1 table:users
2018-10-07 19:23:51,ALI,Update user enable =>0  ID: 1 table:users
2018-10-07 19:24:10,ALI,Update user isadmin =>0  ID: 1 table:users
2018-10-07 19:25:28,ALI,Update user enable =>1  ID: 1 table:users
2018-10-07 19:26:54,ALI,Update user enable =>0  ID: 1 table:users
2018-10-07 19:29:21,ALI,Update user isadmin =>1  ID: 1 table:users
2018-10-07 19:29:27,ALI,Update user enable =>1  ID: 1 table:users
2018-10-07 19:32:31,ALI,Update user enable =>0  ID: 1 table:users
2018-10-09 18:44:33,::1,username is Disable
2018-10-09 18:44:36,::1,username is Disable
2018-10-09 18:45:35,ALI,login success
2018-10-09 19:39:29,ALI,Update user isadmin =>1  ID: 3 table:users
2018-10-09 19:39:34,ALI,Update user enable =>1  ID: 3 table:users
2018-10-09 19:43:26,ALI,Update user enable =>1  ID: 4 table:users
2018-10-09 19:44:19,ALI,user change langtuage to en
2018-10-09 19:44:23,ALI,login success
2018-10-09 19:44:58,ALI,Update user isadmin =>1  ID: 2 table:users
2018-10-09 19:45:04,ALI,Update user enable =>1  ID: 2 table:users
2018-10-10 19:20:19,ALI,login success
2018-10-11 06:26:13,ALI,login success
2018-10-11 07:11:03,ALI,Change name group: group2
2018-10-11 07:13:44,ALI,Change name group: group2
2018-10-11 07:15:19,ALI,Change name group: group2
2018-10-11 07:16:03,ALI,Change name group: group6
2018-10-11 07:23:30,ALI,Change name group: group3
2018-10-11 07:23:33,ALI,Change name group: group2
2018-10-11 07:24:27,ALI,Change name group: group2
2018-10-11 07:25:48,ALI,Change name group: group2
2018-10-11 07:25:51,ALI,Change name group: group3
2018-10-11 07:41:47,ALI,Update user departemt =>کارمندان عادی  ID: 1 table:users
2018-10-11 07:41:52,ALI,Update user departemt =>کارمندان ارشد  ID: 2 table:users
2018-10-11 07:51:52,ALI,login success
2018-10-11 07:57:07,ALI,Update user departemt =>مدیران ارشد  ID: 3 table:users
2018-10-11 07:57:10,ALI,Update user departemt =>مدیران ارشد  ID: 1 table:users
2018-10-11 07:57:12,ALI,Update user departemt =>مدیران ارشد  ID: 4 table:users
2018-10-11 07:57:37,ALI,Update user departemt =>سرپرستان  ID: 2 table:users
2018-10-11 07:57:40,ALI,Update user departemt =>مهمان  ID: 3 table:users
2018-10-11 07:57:44,ALI,Update user departemt =>کارمندان ارشد  ID: 4 table:users
2018-10-11 09:18:46,ALI,Change name group: group6
2018-10-11 09:19:25,ALI,Update user departemt =>کارپرداز  ID: 1 table:users
2018-10-11 09:20:26,ALI,Update user isadmin =>1  ID: 4 table:users
2018-10-11 11:52:28,ALI,change config title_login to 
2018-10-11 11:53:15,ALI,change config title_login to rrrr
2018-10-11 11:56:58,ALI,change config title_login to rrrrnn
2018-10-11 12:00:44,ALI,user change langtuage to en
2018-10-11 12:00:48,ALI,login success
2018-10-11 12:13:31,ALI,user change langtuage to fa
2018-10-11 12:13:33,ALI,login success
2018-10-11 12:56:38,::1,user logout
2018-10-11 12:56:49,ALI,login success
2018-10-11 12:56:52,::1,user logout
2018-10-11 12:57:12,ALI,login success
2018-10-11 12:57:15,::1,user logout
2018-10-11 12:57:19,ALI,login success
2018-10-11 12:59:21,::1,user logout
2018-10-11 12:59:23,ALI,login success
2018-10-11 13:48:47,::1,user logout
2018-10-11 13:48:50,::1,user change langtuage to en
2018-10-11 13:48:53,ALI,login success
2018-10-11 14:02:18,ALI,ALI change email to ali@test.com
2018-10-11 14:04:09,::1,user logout
2018-10-11 14:04:11,ALI,login success
2018-10-11 14:04:22,ALI,ALI change email to ali2@test.com
2018-10-11 14:05:45,::1,user logout
2018-10-11 14:05:48,::1,user change langtuage to fa
2018-10-11 14:06:45,::1,user change langtuage to en
2018-10-11 14:06:48,::1,user change langtuage to fa
2018-10-11 14:06:50,ALI,login success
2018-10-11 14:06:56,ALI,ALI change email to ali2@test.com
2018-10-11 14:27:15,ALI,ALI change email to ali2@test.com
2018-10-11 14:28:15,ALI,ALI change email to ali82@test.com
2018-10-11 14:29:53,ALI,ALI change email to ali27@test.com
2018-10-11 14:30:00,ALI,ALI change password
2018-10-11 14:32:06,::1,user logout
2018-10-11 14:32:08,::1,username or password is incorect
2018-10-11 14:32:16,::1,user change langtuage to en
2018-10-11 14:32:18,::1,username or password is incorect
2018-10-11 14:33:36,ALI,login success
2018-10-11 14:34:42,ALI,ALI change password
2018-10-11 14:34:48,::1,user logout
2018-10-11 14:34:52,::1,username or password is incorect
2018-10-11 14:34:58,ALI,login success
2018-10-11 14:44:23,ALI,ALI change password
2018-10-11 14:48:37,::1,user logout
2018-10-11 14:48:40,::1,user change langtuage to fa
2018-10-11 14:48:44,::1,username or password is incorect
2018-10-11 14:48:51,ALI,login success
2018-10-11 14:49:52,ALI,Update user departemt =>مدیران ارشد  ID: 1 table:users
2018-10-11 14:50:20,::1,user logout
2018-10-11 14:50:23,ALI,login success
2018-10-11 14:51:17,ALI,Update user isadmin =>0  ID: 1 table:users
2018-10-11 14:51:27,::1,user logout
2018-10-11 14:51:29,ALI,login success
2018-10-11 14:51:30,ALI,Access Denied
2018-10-11 14:52:03,ALI,Access Denied
2018-10-11 14:52:27,ALI,Update user isadmin =>0  ID: 2 table:users
2018-10-11 14:52:29,ALI,Update user isadmin =>0  ID: 3 table:users
2018-10-11 14:52:32,ALI,Update user isadmin =>0  ID: 4 table:users
2018-10-11 14:52:35,ALI,Update user isadmin =>1  ID: 1 table:users
2018-10-11 14:55:54,::1,user logout
2018-10-11 14:55:57,::1,user change langtuage to en
2018-10-11 14:55:59,ALI,login success
2018-10-11 14:58:03,ALI,insert new user: test
2018-10-11 14:58:24,ALI,Update user departemt =>مهمان  ID: 5 table:users
2018-10-11 14:58:42,::1,user logout
2018-10-11 14:58:52,::1,username or password is incorect
2018-10-11 14:59:00,::1,username or password is incorect
2018-10-11 14:59:06,::1,username or password is incorect
2018-10-11 14:59:23,ALI,login success
2018-10-11 14:59:33,ALI,Update user enable =>1  ID: 5 table:users
2018-10-11 14:59:37,::1,user logout
2018-10-11 14:59:54,::1,username or password is incorect
2018-10-11 15:01:03,::1,username or password is incorect
2018-10-11 15:01:18,::1,username or password is incorect
2018-10-11 15:01:25,::1,username or password is incorect
2018-10-11 15:01:31,::1,username or password is incorect
2018-10-11 15:01:37,::1,username or password is incorect
2018-10-11 15:03:33,::1,username or password is incorect
2018-10-11 15:04:42,::1,username or password is incorect
2018-10-11 16:43:33,ALI,login success
2018-10-11 16:43:53,::1,user logout
2018-10-11 16:44:05,test,login success
2018-10-11 16:44:11,test,Access Denied
2018-10-11 16:44:19,test,Access Denied
2018-10-11 16:44:31,::1,user logout
2018-10-11 16:44:34,ALI,login success
2018-10-11 16:47:00,::1,user logout
2018-10-11 16:47:05,::1,user change langtuage to fa
2018-10-11 16:47:07,ALI,login success
2018-10-11 16:47:23,ALI,change config app_name to M
2018-10-11 17:14:25,::1,user logout
2018-10-11 17:14:28,ALI,login success
2018-10-11 18:08:55,ALI,change config app_name to ali zareshahi
2018-10-11 18:11:00,::1,user logout
2018-10-11 18:11:05,::1,user change langtuage to en
2018-10-11 18:11:09,ALI,login success
2018-10-11 18:11:54,::1,user logout
2018-10-11 18:11:57,::1,user change langtuage to fa
2018-10-11 18:12:00,ALI,login success
2018-10-11 19:20:46,::1,user logout
2018-10-11 19:24:46,ALI,login success
2018-10-11 20:10:26,::1,username or password is incorect
2018-10-11 20:10:48,ALI,login success
2018-10-11 20:12:58,ALI,user change langtuage to en
2018-10-11 20:13:52,::1,user change langtuage to en
2018-10-11 20:13:55,ALI,login success
2018-10-12 06:23:52,127.0.0.1,user change langtuage to en
2018-10-12 06:23:57,127.0.0.1,user change langtuage to fa
2018-10-12 06:24:13,ALI,login success
2018-10-12 06:25:05,ALI,Update user departemt =>کارآموز  ID: 5 table:users
2018-10-12 06:26:08,ALI,Change name group: group2
2018-10-12 06:35:21,ALI,Update Filed show_price =>1.000  ID: 1200033 table:prodect
2018-10-12 07:19:42,127.0.0.1,Access Denied
2018-10-12 07:19:42,127.0.0.1,Access Denied
2018-10-12 07:19:46,127.0.0.1,Access Denied
2018-10-12 07:19:47,127.0.0.1,Access Denied
2018-10-12 07:19:49,127.0.0.1,Access Denied
2018-10-12 07:19:50,127.0.0.1,Access Denied
2018-10-12 07:21:35,ALI,login success
2018-10-12 07:33:12,::1,user logout
2018-10-12 07:33:23,ALI,login success
2018-10-12 07:33:26,::1,user logout
2018-10-12 07:33:31,::1,user change langtuage to en
2018-10-12 07:33:42,ALI,login success
2018-10-12 07:46:58,::1,username or password is incorect
2018-10-12 07:47:05,ALI,login success
2018-10-12 07:48:05,ALI,Update Filed des =>  ID: 1200653 table:prodect
2018-10-12 07:49:26,ALI,Update Filed mojodi =>11111  ID: 1200730 table:prodect
2018-10-12 07:49:30,ALI,Update Filed show_price =>100  ID: 1200653 table:prodect
2018-10-12 07:49:43,ALI,Update Filed show_price =>155  ID: 1200730 table:prodect
2018-10-12 07:50:28,ALI,login success
2018-10-12 07:51:11,ALI,Update Filed price =>5000  ID: 1200058 table:prodect
2018-10-12 07:51:18,ALI,Update Filed price =>4000  ID: 1200062 table:prodect
2018-10-12 07:51:36,ALI,Update Filed mojodi =>100  ID: 1200701 table:prodect
2018-10-12 07:53:17,ALI,login success
2018-10-12 07:55:02,ALI,Update Filed des =>  ID: 1200024 table:prodect
2018-10-12 07:59:58,ALI,Update Filed tracknumber =>  ID: 1200768 table:prodect
2018-10-12 08:00:25,ALI,change config app_name to ali zareshahi44
2018-10-12 08:02:24,::1,user logout
2018-10-12 08:02:28,::1,user change langtuage to en
2018-10-12 08:02:39,ALI,login success
2018-10-12 08:10:03,127.0.0.1,user change langtuage to en
2018-10-12 08:10:15,ALI,login success
2018-10-12 08:10:21,ALI,login success
2018-10-12 08:10:35,ALI,login success
2018-10-12 08:10:59,ALI,login success
2018-10-12 08:11:18,ALI,user change langtuage to fa
2018-10-12 08:11:53,ALI,user change langtuage to en
2018-10-12 08:12:05,ALI,login success
2018-10-12 09:36:34,ALI,login success
2018-10-12 09:36:50,::1,user logout
2018-10-12 09:36:53,::1,user change langtuage to en
2018-10-12 09:37:04,ALI,login success
2018-10-12 10:03:06,ALI,login success
2018-10-12 12:42:40,ALI,error in Deleth Plugin test
2018-10-12 12:45:53,ALI,remove plugin test
2018-10-12 12:47:46,ALI,remove plugin test
2018-10-12 12:56:32,127.0.0.1,user logout
2018-10-12 12:56:37,ALI,login success
2018-10-12 12:57:25,ALI,remove plugin test
2018-10-12 12:58:17,127.0.0.1,user logout
2018-10-12 12:58:22,ALI,login success
2018-10-12 14:45:49,ALI,install new Plugin
2018-10-12 14:47:20,ALI,install new Plugin
2018-10-12 14:48:18,ALI,install new Plugin
2018-10-12 14:49:04,ALI,install new Plugin
2018-10-12 14:49:54,ALI,install new Plugin
2018-10-12 14:51:23,127.0.0.1,user logout
2018-10-12 14:51:27,ALI,login success
2018-10-12 14:52:05,ALI,install new Plugin
2018-10-12 14:52:12,127.0.0.1,user logout
2018-10-12 14:52:16,ALI,login success
